ENSG,Gene Type
ENSG00000000971,0
ENSG00000001084,0
ENSG00000001497,1
ENSG00000001626,0
ENSG00000001631,0
ENSG00000002822,0
ENSG00000003147,1
ENSG00000003393,0
ENSG00000003400,0
ENSG00000004455,0
ENSG00000004468,1
ENSG00000004848,1
ENSG00000004866,1
ENSG00000004939,0
ENSG00000004948,0
ENSG00000005073,0
ENSG00000005187,0
ENSG00000005302,1
ENSG00000005339,1
ENSG00000005379,1
ENSG00000005381,0
ENSG00000005421,1
ENSG00000005471,0
ENSG00000005483,1
ENSG00000005882,1
ENSG00000005961,0
ENSG00000006016,0
ENSG00000006283,1
ENSG00000006377,1
ENSG00000006451,1
ENSG00000006611,0
ENSG00000006638,0
ENSG00000006744,0
ENSG00000007062,0
ENSG00000007312,0
ENSG00000007314,1
ENSG00000007372,1
ENSG00000007908,0
ENSG00000007933,0
ENSG00000008056,1
ENSG00000008083,1
ENSG00000008086,1
ENSG00000008196,0
ENSG00000008226,0
ENSG00000008441,1
ENSG00000009307,1
ENSG00000009335,1
ENSG00000009709,0
ENSG00000009724,0
ENSG00000009765,0
ENSG00000010310,0
ENSG00000010318,1
ENSG00000010610,0
ENSG00000010671,0
ENSG00000011198,0
ENSG00000011422,1
ENSG00000011465,0
ENSG00000011485,1
ENSG00000011600,0
ENSG00000011677,1
ENSG00000012048,0
ENSG00000012779,0
ENSG00000013306,1
ENSG00000013810,0
ENSG00000014138,1
ENSG00000015133,1
ENSG00000015171,1
ENSG00000015285,0
ENSG00000015479,0
ENSG00000015520,0
ENSG00000015532,0
ENSG00000017260,0
ENSG00000017427,1
ENSG00000018236,0
ENSG00000018280,0
ENSG00000019991,0
ENSG00000021574,1
ENSG00000021645,1
ENSG00000021852,0
ENSG00000022267,0
ENSG00000022355,0
ENSG00000023839,0
ENSG00000023909,0
ENSG00000025708,0
ENSG00000025770,1
ENSG00000026025,0
ENSG00000026103,0
ENSG00000027075,0
ENSG00000027697,0
ENSG00000030304,0
ENSG00000030582,0
ENSG00000032444,0
ENSG00000034053,1
ENSG00000035403,0
ENSG00000035687,1
ENSG00000036054,1
ENSG00000036257,1
ENSG00000037280,0
ENSG00000038295,0
ENSG00000038382,1
ENSG00000038427,0
ENSG00000038945,1
ENSG00000039068,0
ENSG00000039537,0
ENSG00000040531,0
ENSG00000040608,0
ENSG00000040731,1
ENSG00000041515,1
ENSG00000042088,0
ENSG00000042317,0
ENSG00000042753,1
ENSG00000042781,1
ENSG00000043591,0
ENSG00000044090,1
ENSG00000044446,0
ENSG00000046604,0
ENSG00000046651,1
ENSG00000047188,1
ENSG00000047457,0
ENSG00000047597,0
ENSG00000047932,0
ENSG00000048140,1
ENSG00000048392,0
ENSG00000048545,0
ENSG00000048740,1
ENSG00000049089,0
ENSG00000049130,0
ENSG00000049239,0
ENSG00000049618,1
ENSG00000049768,0
ENSG00000050030,1
ENSG00000050344,1
ENSG00000051180,0
ENSG00000051523,0
ENSG00000053747,0
ENSG00000054523,0
ENSG00000055118,0
ENSG00000055609,1
ENSG00000055955,0
ENSG00000057294,0
ENSG00000057593,0
ENSG00000058085,0
ENSG00000058404,1
ENSG00000058673,1
ENSG00000059377,0
ENSG00000060140,1
ENSG00000060237,0
ENSG00000060718,0
ENSG00000060971,0
ENSG00000060982,0
ENSG00000061337,0
ENSG00000061676,1
ENSG00000062038,0
ENSG00000063169,1
ENSG00000063854,0
ENSG00000064012,0
ENSG00000064195,1
ENSG00000064309,1
ENSG00000064490,0
ENSG00000064687,1
ENSG00000064692,0
ENSG00000064787,1
ENSG00000064933,0
ENSG00000065526,1
ENSG00000065534,1
ENSG00000065618,0
ENSG00000065883,1
ENSG00000066032,1
ENSG00000066279,1
ENSG00000066427,0
ENSG00000066455,0
ENSG00000066827,0
ENSG00000066926,0
ENSG00000067048,0
ENSG00000067082,0
ENSG00000067141,1
ENSG00000067177,0
ENSG00000067182,0
ENSG00000067191,1
ENSG00000067715,1
ENSG00000067955,0
ENSG00000068024,1
ENSG00000068028,0
ENSG00000068305,0
ENSG00000068323,1
ENSG00000068615,0
ENSG00000068885,0
ENSG00000068976,0
ENSG00000069011,1
ENSG00000069248,1
ENSG00000069399,0
ENSG00000069431,0
ENSG00000069535,1
ENSG00000069667,1
ENSG00000070018,0
ENSG00000070047,1
ENSG00000070182,0
ENSG00000070190,1
ENSG00000070193,0
ENSG00000070366,1
ENSG00000070367,1
ENSG00000070371,1
ENSG00000070404,0
ENSG00000070444,1
ENSG00000070729,0
ENSG00000070748,0
ENSG00000070808,1
ENSG00000070814,0
ENSG00000070915,0
ENSG00000071242,1
ENSG00000071246,1
ENSG00000071655,1
ENSG00000072080,1
ENSG00000072121,1
ENSG00000072501,1
ENSG00000072571,0
ENSG00000072682,1
ENSG00000072694,0
ENSG00000072778,0
ENSG00000072840,0
ENSG00000073008,0
ENSG00000073464,1
ENSG00000073614,1
ENSG00000073734,0
ENSG00000073756,1
ENSG00000073792,0
ENSG00000073861,0
ENSG00000073910,0
ENSG00000073921,0
ENSG00000074047,0
ENSG00000074054,1
ENSG00000074181,0
ENSG00000074317,0
ENSG00000074319,0
ENSG00000074410,0
ENSG00000074590,1
ENSG00000074695,0
ENSG00000074800,0
ENSG00000075043,1
ENSG00000075239,0
ENSG00000075415,0
ENSG00000075624,1
ENSG00000075711,1
ENSG00000075785,0
ENSG00000075856,0
ENSG00000075891,0
ENSG00000076003,1
ENSG00000076242,0
ENSG00000076248,0
ENSG00000076716,1
ENSG00000076944,0
ENSG00000077063,1
ENSG00000077080,1
ENSG00000077150,0
ENSG00000077238,0
ENSG00000077498,0
ENSG00000077782,1
ENSG00000077942,0
ENSG00000078328,1
ENSG00000078401,0
ENSG00000078403,0
ENSG00000078674,1
ENSG00000078747,0
ENSG00000078900,0
ENSG00000079215,0
ENSG00000079432,1
ENSG00000079482,1
ENSG00000079739,0
ENSG00000079805,0
ENSG00000079841,1
ENSG00000080298,1
ENSG00000080503,1
ENSG00000080603,1
ENSG00000080644,0
ENSG00000080815,0
ENSG00000081051,0
ENSG00000081052,0
ENSG00000081189,1
ENSG00000081237,1
ENSG00000081248,0
ENSG00000081277,0
ENSG00000081479,1
ENSG00000081803,1
ENSG00000081842,1
ENSG00000081923,0
ENSG00000082175,0
ENSG00000082212,0
ENSG00000082898,1
ENSG00000083168,1
ENSG00000083307,0
ENSG00000083454,1
ENSG00000083720,0
ENSG00000083799,0
ENSG00000083857,1
ENSG00000083937,0
ENSG00000084073,0
ENSG00000084676,1
ENSG00000084734,0
ENSG00000084754,0
ENSG00000085063,0
ENSG00000085117,0
ENSG00000085185,1
ENSG00000085224,1
ENSG00000085276,0
ENSG00000085563,0
ENSG00000085788,1
ENSG00000085978,0
ENSG00000085998,1
ENSG00000085999,0
ENSG00000086544,0
ENSG00000086758,1
ENSG00000087053,0
ENSG00000087085,1
ENSG00000087086,0
ENSG00000087088,0
ENSG00000087116,0
ENSG00000087206,1
ENSG00000087237,0
ENSG00000087245,0
ENSG00000087274,0
ENSG00000087460,1
ENSG00000087586,0
ENSG00000088035,1
ENSG00000088038,1
ENSG00000088179,1
ENSG00000088836,0
ENSG00000088926,0
ENSG00000088970,1
ENSG00000089006,1
ENSG00000089127,0
ENSG00000089280,0
ENSG00000090006,0
ENSG00000090061,1
ENSG00000090339,0
ENSG00000090376,0
ENSG00000090382,0
ENSG00000090402,0
ENSG00000090659,0
ENSG00000091009,1
ENSG00000091010,0
ENSG00000091129,1
ENSG00000091136,1
ENSG00000091138,0
ENSG00000091262,0
ENSG00000091409,0
ENSG00000091428,1
ENSG00000091513,0
ENSG00000091583,0
ENSG00000091622,0
ENSG00000091656,0
ENSG00000092054,0
ENSG00000092067,0
ENSG00000092200,0
ENSG00000092201,1
ENSG00000092345,0
ENSG00000092439,0
ENSG00000092529,0
ENSG00000092758,0
ENSG00000092847,1
ENSG00000092929,0
ENSG00000092964,1
ENSG00000095464,0
ENSG00000095564,1
ENSG00000095585,0
ENSG00000095777,0
ENSG00000095787,1
ENSG00000095970,0
ENSG00000096060,0
ENSG00000096093,0
ENSG00000096433,0
ENSG00000096696,0
ENSG00000096968,0
ENSG00000096996,0
ENSG00000097007,0
ENSG00000099331,1
ENSG00000099377,0
ENSG00000099381,1
ENSG00000099769,0
ENSG00000099937,0
ENSG00000099949,1
ENSG00000099954,1
ENSG00000099956,0
ENSG00000100033,1
ENSG00000100038,1
ENSG00000100053,0
ENSG00000100106,0
ENSG00000100122,0
ENSG00000100150,1
ENSG00000100170,0
ENSG00000100197,0
ENSG00000100207,1
ENSG00000100219,0
ENSG00000100225,0
ENSG00000100234,0
ENSG00000100241,1
ENSG00000100285,0
ENSG00000100288,1
ENSG00000100292,0
ENSG00000100311,0
ENSG00000100312,0
ENSG00000100336,0
ENSG00000100342,0
ENSG00000100345,1
ENSG00000100354,1
ENSG00000100359,1
ENSG00000100373,0
ENSG00000100393,1
ENSG00000100416,0
ENSG00000100473,0
ENSG00000100485,1
ENSG00000100504,0
ENSG00000100596,0
ENSG00000100697,0
ENSG00000100714,0
ENSG00000100721,0
ENSG00000100811,1
ENSG00000100815,0
ENSG00000100836,0
ENSG00000100852,1
ENSG00000100888,1
ENSG00000100889,0
ENSG00000100902,0
ENSG00000100906,0
ENSG00000100934,0
ENSG00000100979,0
ENSG00000100985,0
ENSG00000100987,0
ENSG00000101004,1
ENSG00000101017,0
ENSG00000101040,1
ENSG00000101076,0
ENSG00000101115,0
ENSG00000101126,1
ENSG00000101162,0
ENSG00000101200,0
ENSG00000101210,1
ENSG00000101266,1
ENSG00000101282,0
ENSG00000101292,0
ENSG00000101306,0
ENSG00000101311,0
ENSG00000101327,0
ENSG00000101337,1
ENSG00000101347,0
ENSG00000101365,0
ENSG00000101400,0
ENSG00000101405,1
ENSG00000101421,0
ENSG00000101439,0
ENSG00000101440,0
ENSG00000101444,0
ENSG00000101489,1
ENSG00000101577,0
ENSG00000101665,0
ENSG00000101680,1
ENSG00000101752,1
ENSG00000101773,0
ENSG00000101846,0
ENSG00000101849,1
ENSG00000101883,1
ENSG00000101958,1
ENSG00000101966,0
ENSG00000101981,0
ENSG00000102001,1
ENSG00000102003,1
ENSG00000102076,0
ENSG00000102081,1
ENSG00000102104,0
ENSG00000102145,0
ENSG00000102181,1
ENSG00000102218,0
ENSG00000102245,0
ENSG00000102290,1
ENSG00000102393,0
ENSG00000102466,1
ENSG00000102678,0
ENSG00000102683,0
ENSG00000102781,1
ENSG00000102786,1
ENSG00000102878,0
ENSG00000102879,1
ENSG00000102882,1
ENSG00000102893,0
ENSG00000102967,0
ENSG00000102974,1
ENSG00000103089,0
ENSG00000103126,0
ENSG00000103168,1
ENSG00000103197,1
ENSG00000103227,0
ENSG00000103241,0
ENSG00000103249,0
ENSG00000103257,1
ENSG00000103313,0
ENSG00000103316,0
ENSG00000103489,0
ENSG00000103507,1
ENSG00000103522,0
ENSG00000103528,1
ENSG00000103546,0
ENSG00000103569,0
ENSG00000103657,1
ENSG00000103855,1
ENSG00000104044,0
ENSG00000104055,0
ENSG00000104093,1
ENSG00000104213,0
ENSG00000104237,0
ENSG00000104313,0
ENSG00000104325,0
ENSG00000104368,0
ENSG00000104381,0
ENSG00000104388,1
ENSG00000104419,0
ENSG00000104517,1
ENSG00000104687,0
ENSG00000104728,1
ENSG00000104738,1
ENSG00000104812,0
ENSG00000104863,1
ENSG00000104889,0
ENSG00000104899,0
ENSG00000104903,0
ENSG00000104936,1
ENSG00000104938,0
ENSG00000104967,1
ENSG00000104973,0
ENSG00000105146,0
ENSG00000105221,0
ENSG00000105227,0
ENSG00000105287,1
ENSG00000105357,0
ENSG00000105370,0
ENSG00000105371,0
ENSG00000105372,0
ENSG00000105379,1
ENSG00000105392,0
ENSG00000105397,0
ENSG00000105409,1
ENSG00000105486,0
ENSG00000105552,0
ENSG00000105610,0
ENSG00000105618,0
ENSG00000105639,0
ENSG00000105647,1
ENSG00000105662,0
ENSG00000105664,0
ENSG00000105697,0
ENSG00000105711,0
ENSG00000105737,1
ENSG00000105851,1
ENSG00000105854,0
ENSG00000105929,0
ENSG00000105953,0
ENSG00000105974,0
ENSG00000105976,1
ENSG00000105983,0
ENSG00000105991,1
ENSG00000105996,0
ENSG00000106003,0
ENSG00000106025,0
ENSG00000106089,1
ENSG00000106211,0
ENSG00000106258,0
ENSG00000106327,0
ENSG00000106331,0
ENSG00000106348,0
ENSG00000106366,1
ENSG00000106397,0
ENSG00000106410,0
ENSG00000106477,1
ENSG00000106536,0
ENSG00000106615,1
ENSG00000106617,0
ENSG00000106665,1
ENSG00000106688,1
ENSG00000106714,1
ENSG00000106772,1
ENSG00000106804,0
ENSG00000106819,0
ENSG00000106991,0
ENSG00000107077,1
ENSG00000107099,1
ENSG00000107104,1
ENSG00000107105,1
ENSG00000107165,0
ENSG00000107249,0
ENSG00000107290,0
ENSG00000107537,0
ENSG00000107562,0
ENSG00000107611,0
ENSG00000107679,0
ENSG00000107736,0
ENSG00000107789,0
ENSG00000107796,0
ENSG00000107798,0
ENSG00000107807,0
ENSG00000107816,1
ENSG00000107831,0
ENSG00000107882,0
ENSG00000107951,0
ENSG00000107968,0
ENSG00000108001,1
ENSG00000108055,1
ENSG00000108091,0
ENSG00000108175,1
ENSG00000108255,0
ENSG00000108370,0
ENSG00000108405,0
ENSG00000108510,1
ENSG00000108515,0
ENSG00000108556,0
ENSG00000108557,1
ENSG00000108576,1
ENSG00000108578,0
ENSG00000108599,0
ENSG00000108691,0
ENSG00000108786,0
ENSG00000108819,1
ENSG00000108821,0
ENSG00000108823,0
ENSG00000108924,0
ENSG00000108946,0
ENSG00000108953,1
ENSG00000109062,0
ENSG00000109063,0
ENSG00000109099,0
ENSG00000109101,0
ENSG00000109103,0
ENSG00000109118,1
ENSG00000109132,0
ENSG00000109158,1
ENSG00000109163,0
ENSG00000109220,0
ENSG00000109424,0
ENSG00000109471,0
ENSG00000109536,1
ENSG00000109610,0
ENSG00000109625,1
ENSG00000109667,0
ENSG00000109685,1
ENSG00000109705,0
ENSG00000109738,0
ENSG00000109743,1
ENSG00000109846,0
ENSG00000109861,0
ENSG00000109906,1
ENSG00000109911,1
ENSG00000109927,1
ENSG00000110057,0
ENSG00000110066,1
ENSG00000110076,1
ENSG00000110090,0
ENSG00000110092,0
ENSG00000110243,0
ENSG00000110324,0
ENSG00000110436,1
ENSG00000110628,0
ENSG00000110651,0
ENSG00000110693,1
ENSG00000110711,0
ENSG00000110713,0
ENSG00000110719,0
ENSG00000110799,0
ENSG00000110887,0
ENSG00000110911,0
ENSG00000110921,0
ENSG00000110987,0
ENSG00000111012,0
ENSG00000111046,0
ENSG00000111057,0
ENSG00000111077,1
ENSG00000111199,0
ENSG00000111245,0
ENSG00000111249,1
ENSG00000111262,0
ENSG00000111275,0
ENSG00000111276,0
ENSG00000111319,0
ENSG00000111339,0
ENSG00000111341,0
ENSG00000111424,1
ENSG00000111537,0
ENSG00000111615,1
ENSG00000111664,0
ENSG00000111678,1
ENSG00000111700,1
ENSG00000111713,0
ENSG00000111716,0
ENSG00000111732,0
ENSG00000111783,1
ENSG00000111816,1
ENSG00000111834,0
ENSG00000111846,0
ENSG00000111961,1
ENSG00000112041,0
ENSG00000112077,0
ENSG00000112096,0
ENSG00000112232,1
ENSG00000112246,0
ENSG00000112280,0
ENSG00000112290,1
ENSG00000112294,1
ENSG00000112299,0
ENSG00000112319,0
ENSG00000112357,1
ENSG00000112367,0
ENSG00000112599,0
ENSG00000112619,0
ENSG00000112640,1
ENSG00000112655,1
ENSG00000112715,0
ENSG00000112787,1
ENSG00000112851,1
ENSG00000112902,1
ENSG00000112936,0
ENSG00000112964,0
ENSG00000113070,0
ENSG00000113083,0
ENSG00000113100,1
ENSG00000113161,0
ENSG00000113231,0
ENSG00000113249,0
ENSG00000113262,0
ENSG00000113263,0
ENSG00000113302,0
ENSG00000113318,0
ENSG00000113328,1
ENSG00000113368,0
ENSG00000113389,0
ENSG00000113448,0
ENSG00000113569,1
ENSG00000113575,1
ENSG00000113580,0
ENSG00000113594,0
ENSG00000113595,1
ENSG00000113600,0
ENSG00000113657,1
ENSG00000113721,0
ENSG00000113742,1
ENSG00000113805,1
ENSG00000113889,1
ENSG00000113905,0
ENSG00000113916,0
ENSG00000113924,0
ENSG00000113946,0
ENSG00000113971,0
ENSG00000114026,0
ENSG00000114054,1
ENSG00000114062,1
ENSG00000114166,1
ENSG00000114200,0
ENSG00000114209,0
ENSG00000114270,0
ENSG00000114349,0
ENSG00000114353,0
ENSG00000114354,0
ENSG00000114374,1
ENSG00000114378,0
ENSG00000114480,1
ENSG00000114737,0
ENSG00000114739,0
ENSG00000114854,0
ENSG00000114859,0
ENSG00000114861,1
ENSG00000114867,1
ENSG00000114956,0
ENSG00000115020,0
ENSG00000115085,0
ENSG00000115138,0
ENSG00000115155,0
ENSG00000115159,1
ENSG00000115204,0
ENSG00000115263,0
ENSG00000115306,1
ENSG00000115317,0
ENSG00000115339,0
ENSG00000115361,0
ENSG00000115380,0
ENSG00000115414,0
ENSG00000115415,0
ENSG00000115421,1
ENSG00000115474,0
ENSG00000115484,1
ENSG00000115486,0
ENSG00000115504,0
ENSG00000115507,1
ENSG00000115524,1
ENSG00000115525,0
ENSG00000115556,1
ENSG00000115590,1
ENSG00000115648,0
ENSG00000115677,1
ENSG00000115705,1
ENSG00000115718,0
ENSG00000115758,0
ENSG00000115760,1
ENSG00000115840,1
ENSG00000115844,1
ENSG00000115850,0
ENSG00000116014,0
ENSG00000116016,0
ENSG00000116030,0
ENSG00000116031,0
ENSG00000116039,0
ENSG00000116062,0
ENSG00000116117,1
ENSG00000116127,0
ENSG00000116128,0
ENSG00000116141,1
ENSG00000116171,1
ENSG00000116218,0
ENSG00000116288,0
ENSG00000116539,1
ENSG00000116544,1
ENSG00000116678,0
ENSG00000116688,0
ENSG00000116690,0
ENSG00000116701,0
ENSG00000116704,0
ENSG00000116711,0
ENSG00000116748,1
ENSG00000116754,1
ENSG00000116785,0
ENSG00000117013,0
ENSG00000117016,1
ENSG00000117054,0
ENSG00000117118,0
ENSG00000117139,1
ENSG00000117298,0
ENSG00000117322,0
ENSG00000117335,0
ENSG00000117360,0
ENSG00000117362,1
ENSG00000117400,0
ENSG00000117479,0
ENSG00000117480,0
ENSG00000117560,0
ENSG00000117586,0
ENSG00000117594,1
ENSG00000117595,0
ENSG00000117601,0
ENSG00000118007,1
ENSG00000118046,0
ENSG00000118058,1
ENSG00000118094,0
ENSG00000118137,0
ENSG00000118162,1
ENSG00000118193,1
ENSG00000118194,0
ENSG00000118231,0
ENSG00000118257,1
ENSG00000118260,0
ENSG00000118271,0
ENSG00000118402,0
ENSG00000118432,1
ENSG00000118482,1
ENSG00000118495,0
ENSG00000118513,0
ENSG00000118702,0
ENSG00000118762,0
ENSG00000118972,0
ENSG00000119042,1
ENSG00000119048,0
ENSG00000119125,1
ENSG00000119139,0
ENSG00000119335,1
ENSG00000119401,1
ENSG00000119508,0
ENSG00000119509,0
ENSG00000119535,0
ENSG00000119537,0
ENSG00000119614,0
ENSG00000119669,1
ENSG00000119681,0
ENSG00000119684,0
ENSG00000119699,0
ENSG00000119711,0
ENSG00000119715,1
ENSG00000119772,1
ENSG00000119866,1
ENSG00000119888,0
ENSG00000119950,0
ENSG00000120054,0
ENSG00000120071,1
ENSG00000120149,1
ENSG00000120156,1
ENSG00000120215,1
ENSG00000120251,1
ENSG00000120370,0
ENSG00000120457,0
ENSG00000120458,1
ENSG00000120539,0
ENSG00000120659,0
ENSG00000120693,0
ENSG00000120708,0
ENSG00000120729,0
ENSG00000120733,1
ENSG00000120802,0
ENSG00000120889,0
ENSG00000120903,0
ENSG00000120915,0
ENSG00000120942,0
ENSG00000120948,0
ENSG00000121053,0
ENSG00000121073,1
ENSG00000121075,0
ENSG00000121207,0
ENSG00000121270,0
ENSG00000121297,1
ENSG00000121361,0
ENSG00000121634,0
ENSG00000121653,0
ENSG00000121691,0
ENSG00000121741,1
ENSG00000121743,0
ENSG00000121775,1
ENSG00000121807,0
ENSG00000121853,0
ENSG00000121879,1
ENSG00000121966,0
ENSG00000122025,0
ENSG00000122121,0
ENSG00000122126,1
ENSG00000122145,1
ENSG00000122194,0
ENSG00000122223,0
ENSG00000122367,0
ENSG00000122406,0
ENSG00000122512,0
ENSG00000122550,0
ENSG00000122584,1
ENSG00000122691,0
ENSG00000122779,0
ENSG00000122787,0
ENSG00000122859,0
ENSG00000122861,0
ENSG00000122863,0
ENSG00000122882,0
ENSG00000122971,0
ENSG00000123066,1
ENSG00000123095,0
ENSG00000123106,1
ENSG00000123124,1
ENSG00000123191,0
ENSG00000123240,0
ENSG00000123329,0
ENSG00000123384,1
ENSG00000123500,0
ENSG00000123552,1
ENSG00000123636,1
ENSG00000123700,0
ENSG00000123908,1
ENSG00000124006,0
ENSG00000124089,0
ENSG00000124126,1
ENSG00000124140,1
ENSG00000124164,0
ENSG00000124212,0
ENSG00000124253,0
ENSG00000124313,1
ENSG00000124370,0
ENSG00000124429,0
ENSG00000124486,1
ENSG00000124564,0
ENSG00000124570,0
ENSG00000124588,0
ENSG00000124614,0
ENSG00000124635,1
ENSG00000124713,0
ENSG00000124767,1
ENSG00000124795,0
ENSG00000124942,1
ENSG00000125084,1
ENSG00000125107,1
ENSG00000125255,0
ENSG00000125347,0
ENSG00000125351,1
ENSG00000125363,0
ENSG00000125384,0
ENSG00000125414,0
ENSG00000125505,1
ENSG00000125538,0
ENSG00000125675,1
ENSG00000125730,0
ENSG00000125741,0
ENSG00000125820,1
ENSG00000125845,0
ENSG00000125864,0
ENSG00000125877,0
ENSG00000125944,1
ENSG00000125965,0
ENSG00000126012,1
ENSG00000126070,1
ENSG00000126088,0
ENSG00000126215,0
ENSG00000126218,0
ENSG00000126233,0
ENSG00000126351,1
ENSG00000126368,1
ENSG00000126524,0
ENSG00000126562,0
ENSG00000126583,0
ENSG00000126603,0
ENSG00000126705,1
ENSG00000126759,0
ENSG00000126778,0
ENSG00000126883,0
ENSG00000126945,1
ENSG00000127084,0
ENSG00000127124,1
ENSG00000127329,1
ENSG00000127511,1
ENSG00000127554,0
ENSG00000127616,1
ENSG00000127663,1
ENSG00000127831,1
ENSG00000127838,0
ENSG00000127870,0
ENSG00000127914,1
ENSG00000127946,0
ENSG00000127947,0
ENSG00000127948,0
ENSG00000127955,1
ENSG00000127990,0
ENSG00000128052,0
ENSG00000128271,1
ENSG00000128274,0
ENSG00000128322,0
ENSG00000128335,0
ENSG00000128340,0
ENSG00000128422,0
ENSG00000128512,1
ENSG00000128513,1
ENSG00000128519,0
ENSG00000128573,1
ENSG00000128591,0
ENSG00000128594,1
ENSG00000128602,0
ENSG00000128604,0
ENSG00000128609,1
ENSG00000128617,0
ENSG00000128655,0
ENSG00000128710,0
ENSG00000128731,1
ENSG00000128815,1
ENSG00000128833,1
ENSG00000128849,1
ENSG00000128881,0
ENSG00000129038,0
ENSG00000129071,1
ENSG00000129116,0
ENSG00000129159,1
ENSG00000129170,0
ENSG00000129221,0
ENSG00000129535,0
ENSG00000129673,0
ENSG00000129682,1
ENSG00000129696,1
ENSG00000129757,0
ENSG00000129911,1
ENSG00000129991,0
ENSG00000130035,1
ENSG00000130037,0
ENSG00000130066,0
ENSG00000130164,1
ENSG00000130203,0
ENSG00000130226,1
ENSG00000130244,1
ENSG00000130283,0
ENSG00000130294,1
ENSG00000130385,0
ENSG00000130402,1
ENSG00000130427,0
ENSG00000130449,1
ENSG00000130477,1
ENSG00000130508,1
ENSG00000130529,0
ENSG00000130561,0
ENSG00000130595,0
ENSG00000130598,0
ENSG00000130600,0
ENSG00000130635,0
ENSG00000130638,0
ENSG00000130653,1
ENSG00000130656,0
ENSG00000130675,0
ENSG00000130714,1
ENSG00000130731,1
ENSG00000130749,1
ENSG00000130811,1
ENSG00000130821,1
ENSG00000130827,1
ENSG00000130940,1
ENSG00000130948,0
ENSG00000130985,0
ENSG00000131018,1
ENSG00000131042,1
ENSG00000131089,1
ENSG00000131095,1
ENSG00000131096,0
ENSG00000131165,1
ENSG00000131183,0
ENSG00000131187,0
ENSG00000131263,1
ENSG00000131269,0
ENSG00000131374,1
ENSG00000131435,0
ENSG00000131504,0
ENSG00000131626,1
ENSG00000131653,1
ENSG00000131686,1
ENSG00000131697,0
ENSG00000131747,0
ENSG00000131759,0
ENSG00000131771,1
ENSG00000131808,0
ENSG00000131910,0
ENSG00000131931,0
ENSG00000132005,0
ENSG00000132024,1
ENSG00000132031,0
ENSG00000132153,1
ENSG00000132170,0
ENSG00000132294,1
ENSG00000132326,1
ENSG00000132437,1
ENSG00000132464,0
ENSG00000132466,1
ENSG00000132470,0
ENSG00000132510,1
ENSG00000132535,1
ENSG00000132549,1
ENSG00000132604,1
ENSG00000132639,1
ENSG00000132669,0
ENSG00000132703,0
ENSG00000132740,0
ENSG00000132781,0
ENSG00000132837,0
ENSG00000132849,1
ENSG00000132915,0
ENSG00000132963,0
ENSG00000132964,1
ENSG00000133019,1
ENSG00000133020,0
ENSG00000133026,1
ENSG00000133048,0
ENSG00000133063,0
ENSG00000133105,0
ENSG00000133111,0
ENSG00000133116,0
ENSG00000133216,1
ENSG00000133256,0
ENSG00000133392,0
ENSG00000133665,1
ENSG00000133710,0
ENSG00000133805,0
ENSG00000133812,0
ENSG00000133818,0
ENSG00000133895,0
ENSG00000133958,1
ENSG00000134020,1
ENSG00000134086,0
ENSG00000134115,1
ENSG00000134138,1
ENSG00000134160,1
ENSG00000134183,0
ENSG00000134184,1
ENSG00000134240,0
ENSG00000134242,0
ENSG00000134243,0
ENSG00000134250,0
ENSG00000134259,0
ENSG00000134324,0
ENSG00000134326,1
ENSG00000134333,0
ENSG00000134363,0
ENSG00000134371,0
ENSG00000134376,0
ENSG00000134389,0
ENSG00000134438,0
ENSG00000134532,1
ENSG00000134569,0
ENSG00000134571,0
ENSG00000134575,0
ENSG00000134698,1
ENSG00000134755,0
ENSG00000134759,1
ENSG00000134760,0
ENSG00000134762,0
ENSG00000134769,0
ENSG00000134780,1
ENSG00000134853,0
ENSG00000134909,1
ENSG00000134987,0
ENSG00000135046,1
ENSG00000135100,0
ENSG00000135127,1
ENSG00000135218,0
ENSG00000135312,1
ENSG00000135316,1
ENSG00000135317,1
ENSG00000135338,0
ENSG00000135363,0
ENSG00000135365,1
ENSG00000135387,1
ENSG00000135406,0
ENSG00000135409,0
ENSG00000135437,0
ENSG00000135439,1
ENSG00000135443,0
ENSG00000135446,0
ENSG00000135503,0
ENSG00000135517,0
ENSG00000135541,1
ENSG00000135604,0
ENSG00000135631,1
ENSG00000135636,0
ENSG00000135655,1
ENSG00000135679,0
ENSG00000135744,0
ENSG00000135766,0
ENSG00000135828,0
ENSG00000135899,0
ENSG00000135902,0
ENSG00000135925,0
ENSG00000135929,1
ENSG00000135956,0
ENSG00000135960,0
ENSG00000135999,1
ENSG00000136003,0
ENSG00000136068,0
ENSG00000136144,0
ENSG00000136147,0
ENSG00000136156,0
ENSG00000136169,1
ENSG00000136238,1
ENSG00000136244,0
ENSG00000136280,0
ENSG00000136425,1
ENSG00000136451,1
ENSG00000136488,0
ENSG00000136492,0
ENSG00000136531,1
ENSG00000136535,1
ENSG00000136541,1
ENSG00000136573,0
ENSG00000136574,0
ENSG00000136689,0
ENSG00000136732,0
ENSG00000136802,0
ENSG00000136827,0
ENSG00000136854,1
ENSG00000136869,0
ENSG00000136881,0
ENSG00000136928,1
ENSG00000136931,0
ENSG00000136944,1
ENSG00000136997,0
ENSG00000137075,1
ENSG00000137090,0
ENSG00000137106,0
ENSG00000137261,0
ENSG00000137265,0
ENSG00000137269,1
ENSG00000137309,0
ENSG00000137364,0
ENSG00000137462,0
ENSG00000137497,0
ENSG00000137642,0
ENSG00000137672,1
ENSG00000137674,0
ENSG00000137700,0
ENSG00000137710,0
ENSG00000137713,1
ENSG00000137731,0
ENSG00000137745,0
ENSG00000137801,1
ENSG00000137841,0
ENSG00000137869,0
ENSG00000138029,0
ENSG00000138030,0
ENSG00000138031,1
ENSG00000138039,0
ENSG00000138061,0
ENSG00000138075,0
ENSG00000138081,1
ENSG00000138109,0
ENSG00000138115,0
ENSG00000138190,1
ENSG00000138193,0
ENSG00000138207,0
ENSG00000138311,0
ENSG00000138326,0
ENSG00000138376,0
ENSG00000138378,0
ENSG00000138379,0
ENSG00000138411,1
ENSG00000138435,0
ENSG00000138449,0
ENSG00000138615,0
ENSG00000138623,0
ENSG00000138650,1
ENSG00000138668,1
ENSG00000138696,0
ENSG00000138698,0
ENSG00000138760,0
ENSG00000138795,0
ENSG00000138796,0
ENSG00000138814,1
ENSG00000138823,0
ENSG00000138829,0
ENSG00000139053,0
ENSG00000139083,0
ENSG00000139116,0
ENSG00000139132,0
ENSG00000139174,1
ENSG00000139304,0
ENSG00000139330,0
ENSG00000139351,0
ENSG00000139428,0
ENSG00000139515,0
ENSG00000139549,0
ENSG00000139567,0
ENSG00000139613,1
ENSG00000139618,1
ENSG00000139679,0
ENSG00000139687,0
ENSG00000139718,1
ENSG00000139726,1
ENSG00000139915,1
ENSG00000139988,0
ENSG00000140009,1
ENSG00000140090,0
ENSG00000140092,0
ENSG00000140093,0
ENSG00000140157,1
ENSG00000140263,0
ENSG00000140326,0
ENSG00000140368,0
ENSG00000140374,0
ENSG00000140416,0
ENSG00000140443,0
ENSG00000140459,0
ENSG00000140463,1
ENSG00000140464,0
ENSG00000140488,1
ENSG00000140522,0
ENSG00000140538,1
ENSG00000140557,1
ENSG00000140675,0
ENSG00000140836,0
ENSG00000140937,1
ENSG00000140945,1
ENSG00000141012,0
ENSG00000141027,1
ENSG00000141052,1
ENSG00000141349,0
ENSG00000141380,0
ENSG00000141385,0
ENSG00000141431,1
ENSG00000141469,0
ENSG00000141510,0
ENSG00000141524,0
ENSG00000141579,0
ENSG00000141644,1
ENSG00000141646,1
ENSG00000141655,0
ENSG00000141736,0
ENSG00000141744,0
ENSG00000141756,0
ENSG00000141837,1
ENSG00000141867,1
ENSG00000141959,0
ENSG00000141985,0
ENSG00000142156,0
ENSG00000142168,1
ENSG00000142173,0
ENSG00000142178,1
ENSG00000142192,0
ENSG00000142208,0
ENSG00000142230,1
ENSG00000142319,1
ENSG00000142330,0
ENSG00000142405,0
ENSG00000142599,1
ENSG00000142627,0
ENSG00000142676,0
ENSG00000142798,0
ENSG00000142867,0
ENSG00000143178,0
ENSG00000143199,0
ENSG00000143226,0
ENSG00000143248,0
ENSG00000143252,0
ENSG00000143278,0
ENSG00000143294,0
ENSG00000143315,0
ENSG00000143322,0
ENSG00000143341,0
ENSG00000143379,1
ENSG00000143382,0
ENSG00000143387,0
ENSG00000143390,0
ENSG00000143437,0
ENSG00000143442,1
ENSG00000143549,0
ENSG00000143621,1
ENSG00000143627,0
ENSG00000143631,0
ENSG00000143632,0
ENSG00000143641,1
ENSG00000143669,0
ENSG00000143768,0
ENSG00000143801,0
ENSG00000143819,0
ENSG00000143839,0
ENSG00000143921,0
ENSG00000144028,0
ENSG00000144036,1
ENSG00000144191,0
ENSG00000144278,1
ENSG00000144285,1
ENSG00000144290,1
ENSG00000144320,1
ENSG00000144331,1
ENSG00000144406,1
ENSG00000144452,0
ENSG00000144619,1
ENSG00000144659,0
ENSG00000144891,0
ENSG00000144893,1
ENSG00000144962,0
ENSG00000145012,0
ENSG00000145020,1
ENSG00000145107,1
ENSG00000145113,1
ENSG00000145321,0
ENSG00000145348,1
ENSG00000145362,1
ENSG00000145384,0
ENSG00000145476,0
ENSG00000145494,0
ENSG00000145623,0
ENSG00000145715,0
ENSG00000145794,1
ENSG00000145819,0
ENSG00000145864,1
ENSG00000145888,0
ENSG00000145936,0
ENSG00000145996,0
ENSG00000146070,0
ENSG00000146247,1
ENSG00000146648,0
ENSG00000146830,1
ENSG00000146872,1
ENSG00000146938,1
ENSG00000147044,1
ENSG00000147050,1
ENSG00000147099,1
ENSG00000147133,1
ENSG00000147155,0
ENSG00000147168,0
ENSG00000147202,0
ENSG00000147316,1
ENSG00000147324,0
ENSG00000147403,1
ENSG00000147432,1
ENSG00000147437,0
ENSG00000147465,0
ENSG00000147642,1
ENSG00000147804,0
ENSG00000147862,1
ENSG00000147889,0
ENSG00000148053,1
ENSG00000148143,1
ENSG00000148175,0
ENSG00000148180,0
ENSG00000148218,0
ENSG00000148219,1
ENSG00000148400,0
ENSG00000148408,1
ENSG00000148516,0
ENSG00000148600,0
ENSG00000148604,0
ENSG00000148606,1
ENSG00000148702,0
ENSG00000148704,0
ENSG00000148737,1
ENSG00000148795,0
ENSG00000148935,1
ENSG00000148948,1
ENSG00000149131,0
ENSG00000149136,1
ENSG00000149177,0
ENSG00000149257,0
ENSG00000149269,1
ENSG00000149295,1
ENSG00000149311,0
ENSG00000149403,1
ENSG00000149418,0
ENSG00000149489,0
ENSG00000149534,0
ENSG00000149571,1
ENSG00000149599,1
ENSG00000149654,1
ENSG00000149742,1
ENSG00000149781,0
ENSG00000149930,1
ENSG00000149968,0
ENSG00000149970,1
ENSG00000149972,1
ENSG00000150051,1
ENSG00000150275,1
ENSG00000150337,0
ENSG00000150394,1
ENSG00000150455,0
ENSG00000150540,0
ENSG00000150672,1
ENSG00000150753,0
ENSG00000150760,1
ENSG00000150764,1
ENSG00000150995,1
ENSG00000151062,0
ENSG00000151067,1
ENSG00000151150,1
ENSG00000151240,1
ENSG00000151247,1
ENSG00000151338,0
ENSG00000151461,1
ENSG00000151577,1
ENSG00000151611,0
ENSG00000151612,1
ENSG00000151617,0
ENSG00000151623,1
ENSG00000151632,0
ENSG00000151689,1
ENSG00000151693,1
ENSG00000151790,1
ENSG00000151834,0
ENSG00000151835,0
ENSG00000151914,1
ENSG00000151929,0
ENSG00000152137,0
ENSG00000152208,1
ENSG00000152214,1
ENSG00000152217,1
ENSG00000152402,1
ENSG00000152413,1
ENSG00000152457,0
ENSG00000152492,0
ENSG00000152495,1
ENSG00000152556,0
ENSG00000152583,1
ENSG00000152592,0
ENSG00000152642,0
ENSG00000152910,1
ENSG00000152939,0
ENSG00000152952,0
ENSG00000153064,0
ENSG00000153187,1
ENSG00000153208,0
ENSG00000153234,1
ENSG00000153266,1
ENSG00000153291,1
ENSG00000153487,0
ENSG00000153563,0
ENSG00000153574,0
ENSG00000153814,0
ENSG00000153815,1
ENSG00000153827,1
ENSG00000153922,1
ENSG00000153956,1
ENSG00000154118,0
ENSG00000154134,0
ENSG00000154229,1
ENSG00000154263,1
ENSG00000154277,0
ENSG00000154415,0
ENSG00000154646,0
ENSG00000154678,1
ENSG00000154764,0
ENSG00000154767,1
ENSG00000154803,0
ENSG00000154957,1
ENSG00000155052,1
ENSG00000155111,1
ENSG00000155256,0
ENSG00000155380,0
ENSG00000155465,1
ENSG00000155511,1
ENSG00000155657,1
ENSG00000155659,1
ENSG00000155719,0
ENSG00000155846,0
ENSG00000155850,0
ENSG00000155886,1
ENSG00000155961,1
ENSG00000155966,1
ENSG00000155974,1
ENSG00000155980,0
ENSG00000156006,0
ENSG00000156011,1
ENSG00000156052,0
ENSG00000156110,1
ENSG00000156113,1
ENSG00000156298,1
ENSG00000156304,1
ENSG00000156313,0
ENSG00000156395,1
ENSG00000156413,0
ENSG00000156466,0
ENSG00000156475,0
ENSG00000156515,0
ENSG00000156564,1
ENSG00000156574,0
ENSG00000156650,1
ENSG00000156687,1
ENSG00000156738,0
ENSG00000156787,1
ENSG00000156873,0
ENSG00000156925,0
ENSG00000157017,0
ENSG00000157087,1
ENSG00000157103,1
ENSG00000157131,0
ENSG00000157152,1
ENSG00000157168,0
ENSG00000157184,1
ENSG00000157193,0
ENSG00000157212,0
ENSG00000157388,1
ENSG00000157423,1
ENSG00000157445,1
ENSG00000157483,1
ENSG00000157540,1
ENSG00000157551,1
ENSG00000157554,1
ENSG00000157637,1
ENSG00000157741,1
ENSG00000157764,1
ENSG00000157765,0
ENSG00000157766,0
ENSG00000157890,1
ENSG00000157933,1
ENSG00000157978,0
ENSG00000157985,1
ENSG00000158089,1
ENSG00000158125,0
ENSG00000158158,0
ENSG00000158321,1
ENSG00000158445,1
ENSG00000158486,1
ENSG00000158517,0
ENSG00000158578,0
ENSG00000158636,1
ENSG00000158773,0
ENSG00000158828,0
ENSG00000158874,0
ENSG00000158887,0
ENSG00000159023,0
ENSG00000159082,1
ENSG00000159110,0
ENSG00000159128,0
ENSG00000159140,1
ENSG00000159189,0
ENSG00000159197,0
ENSG00000159216,0
ENSG00000159251,0
ENSG00000159261,0
ENSG00000159339,0
ENSG00000159363,0
ENSG00000159403,0
ENSG00000159459,1
ENSG00000159640,1
ENSG00000159723,0
ENSG00000159899,0
ENSG00000159921,0
ENSG00000159958,0
ENSG00000160131,0
ENSG00000160183,0
ENSG00000160202,0
ENSG00000160213,0
ENSG00000160224,0
ENSG00000160305,1
ENSG00000160323,0
ENSG00000160551,1
ENSG00000160602,0
ENSG00000160654,0
ENSG00000160710,0
ENSG00000160791,0
ENSG00000160801,0
ENSG00000160808,0
ENSG00000160862,1
ENSG00000160867,0
ENSG00000160877,1
ENSG00000160882,1
ENSG00000161011,0
ENSG00000161202,1
ENSG00000161270,0
ENSG00000161653,0
ENSG00000161681,1
ENSG00000162009,0
ENSG00000162105,1
ENSG00000162231,1
ENSG00000162341,0
ENSG00000162367,0
ENSG00000162374,0
ENSG00000162426,1
ENSG00000162438,0
ENSG00000162512,0
ENSG00000162551,0
ENSG00000162552,0
ENSG00000162594,0
ENSG00000162595,0
ENSG00000162599,1
ENSG00000162614,0
ENSG00000162631,1
ENSG00000162670,1
ENSG00000162676,0
ENSG00000162688,0
ENSG00000162733,0
ENSG00000162747,0
ENSG00000162769,0
ENSG00000162775,0
ENSG00000162851,1
ENSG00000162923,1
ENSG00000162946,1
ENSG00000162959,1
ENSG00000162992,0
ENSG00000162998,0
ENSG00000163069,0
ENSG00000163132,0
ENSG00000163254,0
ENSG00000163297,0
ENSG00000163347,0
ENSG00000163359,0
ENSG00000163393,1
ENSG00000163399,1
ENSG00000163421,0
ENSG00000163464,0
ENSG00000163481,1
ENSG00000163501,0
ENSG00000163554,0
ENSG00000163564,1
ENSG00000163581,0
ENSG00000163600,0
ENSG00000163618,1
ENSG00000163625,1
ENSG00000163631,0
ENSG00000163637,1
ENSG00000163646,0
ENSG00000163655,0
ENSG00000163697,0
ENSG00000163719,0
ENSG00000163754,0
ENSG00000163795,0
ENSG00000163817,0
ENSG00000163833,1
ENSG00000163848,0
ENSG00000163872,1
ENSG00000163873,1
ENSG00000163898,0
ENSG00000163913,0
ENSG00000163914,0
ENSG00000164007,0
ENSG00000164010,0
ENSG00000164050,1
ENSG00000164120,0
ENSG00000164134,1
ENSG00000164171,0
ENSG00000164175,0
ENSG00000164190,1
ENSG00000164265,0
ENSG00000164266,0
ENSG00000164326,0
ENSG00000164342,0
ENSG00000164344,0
ENSG00000164398,0
ENSG00000164399,0
ENSG00000164418,1
ENSG00000164506,1
ENSG00000164532,0
ENSG00000164574,1
ENSG00000164587,0
ENSG00000164588,1
ENSG00000164604,1
ENSG00000164610,0
ENSG00000164638,1
ENSG00000164687,1
ENSG00000164692,0
ENSG00000164708,0
ENSG00000164736,0
ENSG00000164741,0
ENSG00000164754,1
ENSG00000164756,0
ENSG00000164778,1
ENSG00000164867,0
ENSG00000164880,1
ENSG00000164946,0
ENSG00000165060,1
ENSG00000165091,0
ENSG00000165097,1
ENSG00000165119,1
ENSG00000165140,0
ENSG00000165168,0
ENSG00000165186,1
ENSG00000165194,1
ENSG00000165195,0
ENSG00000165246,1
ENSG00000165272,0
ENSG00000165280,0
ENSG00000165288,1
ENSG00000165300,1
ENSG00000165349,1
ENSG00000165355,1
ENSG00000165379,1
ENSG00000165392,0
ENSG00000165410,0
ENSG00000165462,0
ENSG00000165471,0
ENSG00000165476,1
ENSG00000165478,1
ENSG00000165671,1
ENSG00000165694,0
ENSG00000165699,1
ENSG00000165730,0
ENSG00000165731,0
ENSG00000165841,0
ENSG00000165915,0
ENSG00000165917,0
ENSG00000165995,1
ENSG00000166033,0
ENSG00000166035,0
ENSG00000166126,0
ENSG00000166147,1
ENSG00000166148,1
ENSG00000166167,1
ENSG00000166206,1
ENSG00000166228,0
ENSG00000166257,0
ENSG00000166278,0
ENSG00000166313,1
ENSG00000166347,0
ENSG00000166349,0
ENSG00000166407,0
ENSG00000166415,0
ENSG00000166477,1
ENSG00000166501,1
ENSG00000166546,0
ENSG00000166548,0
ENSG00000166603,0
ENSG00000166710,0
ENSG00000166736,1
ENSG00000166741,0
ENSG00000166828,0
ENSG00000166833,1
ENSG00000166863,0
ENSG00000166947,0
ENSG00000166948,0
ENSG00000166963,1
ENSG00000166987,1
ENSG00000167014,1
ENSG00000167080,0
ENSG00000167085,0
ENSG00000167114,1
ENSG00000167207,0
ENSG00000167210,0
ENSG00000167216,1
ENSG00000167286,0
ENSG00000167306,0
ENSG00000167323,0
ENSG00000167397,0
ENSG00000167434,0
ENSG00000167515,1
ENSG00000167522,1
ENSG00000167580,0
ENSG00000167632,1
ENSG00000167633,0
ENSG00000167634,0
ENSG00000167642,0
ENSG00000167711,0
ENSG00000167748,0
ENSG00000167749,0
ENSG00000167768,0
ENSG00000167772,0
ENSG00000167775,0
ENSG00000167895,0
ENSG00000167941,0
ENSG00000167972,0
ENSG00000167985,0
ENSG00000167995,0
ENSG00000167996,0
ENSG00000168028,0
ENSG00000168036,1
ENSG00000168056,0
ENSG00000168092,1
ENSG00000168116,1
ENSG00000168137,1
ENSG00000168216,0
ENSG00000168229,0
ENSG00000168263,0
ENSG00000168267,0
ENSG00000168280,1
ENSG00000168298,1
ENSG00000168329,1
ENSG00000168394,0
ENSG00000168447,0
ENSG00000168453,0
ENSG00000168477,0
ENSG00000168484,0
ENSG00000168542,0
ENSG00000168615,0
ENSG00000168646,0
ENSG00000168685,0
ENSG00000168769,1
ENSG00000168878,0
ENSG00000168955,1
ENSG00000168959,1
ENSG00000169031,0
ENSG00000169047,0
ENSG00000169057,1
ENSG00000169083,1
ENSG00000169105,0
ENSG00000169118,1
ENSG00000169174,0
ENSG00000169184,0
ENSG00000169194,0
ENSG00000169218,0
ENSG00000169247,0
ENSG00000169252,1
ENSG00000169255,0
ENSG00000169271,0
ENSG00000169297,0
ENSG00000169306,1
ENSG00000169313,0
ENSG00000169344,0
ENSG00000169359,0
ENSG00000169375,1
ENSG00000169432,1
ENSG00000169439,1
ENSG00000169562,0
ENSG00000169676,0
ENSG00000169679,0
ENSG00000169684,0
ENSG00000169696,0
ENSG00000169704,0
ENSG00000169738,0
ENSG00000169760,1
ENSG00000169813,1
ENSG00000169836,0
ENSG00000169862,1
ENSG00000169894,0
ENSG00000169895,1
ENSG00000169896,0
ENSG00000169918,1
ENSG00000169933,1
ENSG00000169946,0
ENSG00000169992,1
ENSG00000170004,1
ENSG00000170027,1
ENSG00000170099,0
ENSG00000170113,1
ENSG00000170166,0
ENSG00000170175,0
ENSG00000170180,0
ENSG00000170209,0
ENSG00000170262,0
ENSG00000170275,0
ENSG00000170289,1
ENSG00000170323,1
ENSG00000170396,1
ENSG00000170421,0
ENSG00000170454,0
ENSG00000170471,1
ENSG00000170477,0
ENSG00000170484,0
ENSG00000170485,1
ENSG00000170523,0
ENSG00000170579,1
ENSG00000170584,1
ENSG00000170615,0
ENSG00000170624,0
ENSG00000170745,1
ENSG00000170775,1
ENSG00000170788,1
ENSG00000170819,0
ENSG00000170820,0
ENSG00000170835,0
ENSG00000170836,1
ENSG00000170871,1
ENSG00000170876,0
ENSG00000170881,0
ENSG00000170893,0
ENSG00000170921,1
ENSG00000170927,0
ENSG00000171094,0
ENSG00000171124,0
ENSG00000171155,0
ENSG00000171180,1
ENSG00000171195,0
ENSG00000171202,0
ENSG00000171298,0
ENSG00000171316,1
ENSG00000171365,0
ENSG00000171385,1
ENSG00000171401,0
ENSG00000171403,0
ENSG00000171444,0
ENSG00000171503,0
ENSG00000171557,0
ENSG00000171560,1
ENSG00000171564,0
ENSG00000171587,1
ENSG00000171680,0
ENSG00000171714,0
ENSG00000171723,1
ENSG00000171759,1
ENSG00000171766,1
ENSG00000171772,1
ENSG00000171812,0
ENSG00000171862,1
ENSG00000171863,0
ENSG00000171953,0
ENSG00000171954,0
ENSG00000171988,1
ENSG00000172037,0
ENSG00000172059,0
ENSG00000172062,0
ENSG00000172115,0
ENSG00000172156,0
ENSG00000172175,0
ENSG00000172243,0
ENSG00000172260,1
ENSG00000172264,1
ENSG00000172270,0
ENSG00000172288,0
ENSG00000172331,0
ENSG00000172354,1
ENSG00000172379,1
ENSG00000172426,0
ENSG00000172468,0
ENSG00000172482,0
ENSG00000172534,1
ENSG00000172548,0
ENSG00000172554,1
ENSG00000172638,0
ENSG00000172650,1
ENSG00000172663,1
ENSG00000172780,1
ENSG00000172867,0
ENSG00000172893,1
ENSG00000172915,1
ENSG00000172922,0
ENSG00000172936,0
ENSG00000172943,1
ENSG00000172985,1
ENSG00000172987,0
ENSG00000173040,0
ENSG00000173064,1
ENSG00000173175,1
ENSG00000173218,0
ENSG00000173226,0
ENSG00000173338,1
ENSG00000173369,0
ENSG00000173372,0
ENSG00000173391,0
ENSG00000173575,1
ENSG00000173757,0
ENSG00000173894,0
ENSG00000173898,0
ENSG00000173976,0
ENSG00000173991,0
ENSG00000174106,0
ENSG00000174125,0
ENSG00000174175,0
ENSG00000174231,0
ENSG00000174243,1
ENSG00000174332,1
ENSG00000174405,0
ENSG00000174417,0
ENSG00000174442,1
ENSG00000174469,1
ENSG00000174579,0
ENSG00000174672,1
ENSG00000174697,1
ENSG00000174775,1
ENSG00000174799,1
ENSG00000174804,0
ENSG00000174842,0
ENSG00000174891,1
ENSG00000174938,1
ENSG00000174943,1
ENSG00000174951,0
ENSG00000175065,0
ENSG00000175084,0
ENSG00000175097,0
ENSG00000175115,1
ENSG00000175161,1
ENSG00000175164,0
ENSG00000175197,0
ENSG00000175198,1
ENSG00000175206,0
ENSG00000175283,1
ENSG00000175294,0
ENSG00000175344,1
ENSG00000175426,0
ENSG00000175445,0
ENSG00000175497,1
ENSG00000175505,0
ENSG00000175535,0
ENSG00000175538,0
ENSG00000175544,0
ENSG00000175564,0
ENSG00000175567,0
ENSG00000175745,1
ENSG00000175806,1
ENSG00000175920,0
ENSG00000176058,0
ENSG00000176165,1
ENSG00000176387,0
ENSG00000176406,1
ENSG00000176692,0
ENSG00000176884,1
ENSG00000176920,0
ENSG00000177000,1
ENSG00000177030,1
ENSG00000177034,0
ENSG00000177045,0
ENSG00000177098,0
ENSG00000177156,0
ENSG00000177189,1
ENSG00000177301,1
ENSG00000177455,0
ENSG00000177565,1
ENSG00000177646,0
ENSG00000177666,0
ENSG00000177688,0
ENSG00000177694,1
ENSG00000177697,0
ENSG00000177807,1
ENSG00000178035,0
ENSG00000178053,0
ENSG00000178084,1
ENSG00000178222,0
ENSG00000178573,0
ENSG00000178665,1
ENSG00000178691,0
ENSG00000178726,0
ENSG00000178919,0
ENSG00000178951,1
ENSG00000179094,1
ENSG00000179111,0
ENSG00000179142,0
ENSG00000179148,0
ENSG00000179295,1
ENSG00000179344,0
ENSG00000179364,1
ENSG00000179388,1
ENSG00000179477,0
ENSG00000179520,0
ENSG00000179583,0
ENSG00000179869,1
ENSG00000179915,1
ENSG00000180104,1
ENSG00000180176,0
ENSG00000180210,0
ENSG00000180228,0
ENSG00000180370,1
ENSG00000180398,0
ENSG00000180509,0
ENSG00000180644,0
ENSG00000180772,1
ENSG00000180914,1
ENSG00000180921,0
ENSG00000181019,0
ENSG00000181036,1
ENSG00000181090,1
ENSG00000181092,0
ENSG00000181163,0
ENSG00000181191,1
ENSG00000181481,1
ENSG00000181523,1
ENSG00000181555,1
ENSG00000181585,0
ENSG00000181690,0
ENSG00000181722,1
ENSG00000181744,1
ENSG00000181781,1
ENSG00000181804,1
ENSG00000181827,1
ENSG00000181856,0
ENSG00000182040,0
ENSG00000182197,1
ENSG00000182256,1
ENSG00000182287,1
ENSG00000182326,0
ENSG00000182346,0
ENSG00000182372,1
ENSG00000182389,0
ENSG00000182400,1
ENSG00000182472,1
ENSG00000182512,0
ENSG00000182533,0
ENSG00000182568,1
ENSG00000182578,0
ENSG00000182621,1
ENSG00000182771,1
ENSG00000182866,0
ENSG00000182871,0
ENSG00000182899,0
ENSG00000182901,1
ENSG00000182934,1
ENSG00000182944,0
ENSG00000182985,1
ENSG00000183044,1
ENSG00000183072,0
ENSG00000183091,0
ENSG00000183098,1
ENSG00000183117,1
ENSG00000183196,0
ENSG00000183230,1
ENSG00000183454,1
ENSG00000183495,1
ENSG00000183691,0
ENSG00000183715,0
ENSG00000183733,0
ENSG00000183765,0
ENSG00000183856,1
ENSG00000183873,0
ENSG00000183918,0
ENSG00000184009,0
ENSG00000184022,1
ENSG00000184056,0
ENSG00000184058,1
ENSG00000184156,1
ENSG00000184160,0
ENSG00000184178,1
ENSG00000184226,1
ENSG00000184254,1
ENSG00000184292,0
ENSG00000184304,1
ENSG00000184305,1
ENSG00000184384,0
ENSG00000184408,1
ENSG00000184500,0
ENSG00000184735,1
ENSG00000184845,1
ENSG00000184895,0
ENSG00000184903,1
ENSG00000185008,1
ENSG00000185010,0
ENSG00000185046,1
ENSG00000185115,1
ENSG00000185231,0
ENSG00000185245,0
ENSG00000185246,1
ENSG00000185303,0
ENSG00000185344,1
ENSG00000185345,1
ENSG00000185448,1
ENSG00000185479,0
ENSG00000185630,1
ENSG00000185800,1
ENSG00000185811,0
ENSG00000185838,1
ENSG00000185909,0
ENSG00000185950,0
ENSG00000185960,1
ENSG00000185972,1
ENSG00000185973,1
ENSG00000185974,0
ENSG00000186010,0
ENSG00000186051,0
ENSG00000186081,0
ENSG00000186094,1
ENSG00000186104,0
ENSG00000186153,1
ENSG00000186197,0
ENSG00000186260,1
ENSG00000186326,0
ENSG00000186340,0
ENSG00000186393,1
ENSG00000186395,0
ENSG00000186442,0
ENSG00000186487,1
ENSG00000186591,1
ENSG00000186716,0
ENSG00000186765,0
ENSG00000186790,0
ENSG00000186795,0
ENSG00000186847,0
ENSG00000186868,1
ENSG00000186895,0
ENSG00000186951,0
ENSG00000187017,0
ENSG00000187045,0
ENSG00000187079,0
ENSG00000187140,0
ENSG00000187240,0
ENSG00000187242,0
ENSG00000187244,0
ENSG00000187258,0
ENSG00000187266,0
ENSG00000187323,1
ENSG00000187498,0
ENSG00000187546,1
ENSG00000187554,0
ENSG00000187555,1
ENSG00000187605,1
ENSG00000187634,1
ENSG00000187730,0
ENSG00000187736,0
ENSG00000187742,0
ENSG00000187775,1
ENSG00000187796,0
ENSG00000187957,1
ENSG00000188095,0
ENSG00000188107,0
ENSG00000188120,0
ENSG00000188153,0
ENSG00000188157,0
ENSG00000188171,1
ENSG00000188191,1
ENSG00000188257,0
ENSG00000188277,1
ENSG00000188321,1
ENSG00000188389,1
ENSG00000188404,0
ENSG00000188419,1
ENSG00000188452,0
ENSG00000188467,0
ENSG00000188536,0
ENSG00000188641,1
ENSG00000188672,0
ENSG00000188778,0
ENSG00000188785,1
ENSG00000188786,1
ENSG00000188895,0
ENSG00000188906,0
ENSG00000188910,0
ENSG00000188937,0
ENSG00000188992,0
ENSG00000188994,1
ENSG00000189056,1
ENSG00000189067,0
ENSG00000189079,1
ENSG00000189108,1
ENSG00000189221,1
ENSG00000189241,0
ENSG00000189283,1
ENSG00000189433,0
ENSG00000196090,1
ENSG00000196092,1
ENSG00000196126,1
ENSG00000196136,0
ENSG00000196177,0
ENSG00000196189,0
ENSG00000196218,0
ENSG00000196220,1
ENSG00000196277,1
ENSG00000196296,0
ENSG00000196338,1
ENSG00000196352,0
ENSG00000196358,1
ENSG00000196361,1
ENSG00000196367,1
ENSG00000196391,1
ENSG00000196396,0
ENSG00000196419,1
ENSG00000196431,0
ENSG00000196433,1
ENSG00000196459,0
ENSG00000196549,0
ENSG00000196557,1
ENSG00000196586,0
ENSG00000196611,0
ENSG00000196616,0
ENSG00000196628,1
ENSG00000196632,1
ENSG00000196712,1
ENSG00000196735,0
ENSG00000196811,0
ENSG00000196839,1
ENSG00000196876,1
ENSG00000196878,0
ENSG00000196914,0
ENSG00000197081,0
ENSG00000197102,1
ENSG00000197122,0
ENSG00000197157,1
ENSG00000197170,1
ENSG00000197208,0
ENSG00000197249,0
ENSG00000197275,0
ENSG00000197283,1
ENSG00000197323,1
ENSG00000197363,1
ENSG00000197375,0
ENSG00000197386,0
ENSG00000197496,0
ENSG00000197535,1
ENSG00000197561,0
ENSG00000197565,0
ENSG00000197579,0
ENSG00000197594,1
ENSG00000197616,0
ENSG00000197635,1
ENSG00000197653,1
ENSG00000197724,1
ENSG00000197728,0
ENSG00000197753,0
ENSG00000197766,0
ENSG00000197790,1
ENSG00000197859,0
ENSG00000197891,0
ENSG00000197892,1
ENSG00000197912,0
ENSG00000197919,0
ENSG00000197969,0
ENSG00000197977,1
ENSG00000197993,0
ENSG00000198001,0
ENSG00000198010,1
ENSG00000198049,1
ENSG00000198087,0
ENSG00000198130,0
ENSG00000198216,1
ENSG00000198218,1
ENSG00000198223,0
ENSG00000198246,0
ENSG00000198286,1
ENSG00000198400,1
ENSG00000198467,0
ENSG00000198515,0
ENSG00000198523,1
ENSG00000198569,0
ENSG00000198570,0
ENSG00000198589,1
ENSG00000198626,0
ENSG00000198670,0
ENSG00000198682,0
ENSG00000198689,1
ENSG00000198690,1
ENSG00000198691,0
ENSG00000198707,1
ENSG00000198719,1
ENSG00000198728,1
ENSG00000198734,0
ENSG00000198742,1
ENSG00000198752,1
ENSG00000198793,1
ENSG00000198807,0
ENSG00000198821,0
ENSG00000198824,1
ENSG00000198836,0
ENSG00000198848,0
ENSG00000198851,0
ENSG00000198900,0
ENSG00000198914,1
ENSG00000198931,0
ENSG00000198947,1
ENSG00000198963,1
ENSG00000203485,0
ENSG00000203618,0
ENSG00000203710,0
ENSG00000203747,0
ENSG00000203859,0
ENSG00000203867,0
ENSG00000203883,0
ENSG00000204120,1
ENSG00000204217,0
ENSG00000204248,0
ENSG00000204262,0
ENSG00000204267,0
ENSG00000204290,0
ENSG00000204370,0
ENSG00000204396,1
ENSG00000204403,0
ENSG00000204435,1
ENSG00000204475,0
ENSG00000204498,0
ENSG00000204539,0
ENSG00000204632,1
ENSG00000204644,0
ENSG00000204764,1
ENSG00000204843,0
ENSG00000204961,1
ENSG00000204962,1
ENSG00000204963,1
ENSG00000204965,1
ENSG00000204967,1
ENSG00000204969,1
ENSG00000204970,1
ENSG00000204983,0
ENSG00000205213,0
ENSG00000205277,1
ENSG00000205403,0
ENSG00000205413,0
ENSG00000205426,0
ENSG00000205571,0
ENSG00000205581,1
ENSG00000205726,1
ENSG00000206172,0
ENSG00000206190,1
ENSG00000206503,1
ENSG00000206561,0
ENSG00000211592,0
ENSG00000211892,0
ENSG00000211893,0
ENSG00000211896,0
ENSG00000211899,0
ENSG00000213139,0
ENSG00000213190,0
ENSG00000213398,0
ENSG00000213445,0
ENSG00000213689,0
ENSG00000213918,0
ENSG00000213920,0
ENSG00000213923,1
ENSG00000213934,0
ENSG00000214063,1
ENSG00000214140,0
ENSG00000214753,1
ENSG00000214827,0
ENSG00000215018,1
ENSG00000215045,1
ENSG00000215203,0
ENSG00000215301,1
ENSG00000215612,0
ENSG00000215644,0
ENSG00000220205,1
ENSG00000221866,1
ENSG00000221888,1
ENSG00000223609,0
ENSG00000223865,1
ENSG00000223953,0
ENSG00000224389,1
ENSG00000225190,0
ENSG00000225614,0
ENSG00000225783,0
ENSG00000226979,0
ENSG00000228716,0
ENSG00000231925,0
ENSG00000232810,0
ENSG00000233276,1
ENSG00000234414,0
ENSG00000234745,1
ENSG00000234906,0
ENSG00000235718,1
ENSG00000237693,0
ENSG00000239388,1
ENSG00000239389,1
ENSG00000239672,0
ENSG00000239900,1
ENSG00000240505,0
ENSG00000240583,0
ENSG00000240972,0
ENSG00000241476,0
ENSG00000242110,0
ENSG00000243232,1
ENSG00000243646,0
ENSG00000243649,0
ENSG00000243989,1
ENSG00000244414,0
ENSG00000244588,1
ENSG00000244682,0
ENSG00000244731,0
ENSG00000244734,0
ENSG00000244752,0
ENSG00000245848,0
ENSG00000248099,0
ENSG00000248144,0
ENSG00000248383,1
ENSG00000248746,0
ENSG00000249158,1
ENSG00000249859,0
ENSG00000250120,1
ENSG00000250361,0
ENSG00000251322,1
ENSG00000251664,1
ENSG00000253729,1
ENSG00000254585,1
ENSG00000254636,0
ENSG00000254647,0
ENSG00000254986,1
ENSG00000255408,1
ENSG00000255974,0
ENSG00000257017,0
ENSG00000257138,0
ENSG00000257335,0
ENSG00000257923,1
ENSG00000258839,0
ENSG00000259207,1
